id,label
4ffe04ebd43e4441ab2ac26c1ce57990,Wirtschaft
52637894c098414e9bdd1caab65c4349,Sport
93f5aa94b3aa49d6bec7677687048b0e,Web
8a6e232dd63a4c62a644cfe0a2f787cd,Sport
aa2f7d04b1364ab18363e30e7305ae01,International
be2e960c359b4fb5a26ebd90f00bc4d1,Panorama
74a8ce5777574680a73bdad2911131a7,Sport
d864068fed7d43079f414b5b2c1aaf75,Panorama
d2b9d24a13154fef82a2be1099911f61,International
2b6fd948d8e24797b4718b68ff4187f8,Web
f38226725292482fac5b33fde3197b16,Web
00cc5f31defb415aa75ac241767d239a,Web
3375bfe9c6664c2891fc66357def3633,Web
96403a233dc64a07ac94ea158bd1d830,Wissenschaft
20943aee215948ffac19fda7ae0515f4,International
567a832d9f20422092b88aa8ece1dc32,Inland
f5cd06cdce6d483d9a56bf10461a9345,Panorama
10550a0a95d442858e636a3bbac70dfc,Wissenschaft
b57d38d68ad743d8996d57b48d4c09d3,Web
10c3bc26d3a94d5d8c1cd9510ac9ed68,Web
9145a326b5474775a2b99750b61517a6,Panorama
c0e7baadeaa644fb97bbfe0537e7565e,International
9d5037548dc0443b9f6b3c3f0329daa5,Wirtschaft
bb5c9da6372b454a8203a59986ecab55,Panorama
4d33a7cdca4540549d3a0dec45015e7a,Wirtschaft
386c729f39c94d32a3b036e8ade735ca,Kultur
b5615ec45b0e4be981fae882864c0066,Web
26aa0702938c47f4ac416127ba86fe47,Web
946a532f58d646a297ac236877184f3b,Inland
b1d7abadccbe41f3bfb1946034429ebe,Panorama
8f4c1cd9c6e945738915d550c681e2fc,International
b877681798ac4f5194501504c919d459,Etat
c05dc33b5fe84f1681a8d7738c82278c,Wirtschaft
dec98a44bb1a489e8bb36114d35f9933,Inland
2a5399b2b4754a799f7310168d072904,Web
2f4ccca07f1f4514bf1a8eb9bb0818b3,Panorama
7f5b84f82ed849179a4f14251c2c5249,Web
a860a7a7cc7745e29236d61718e419b7,Panorama
ea0587f094a84fe094bf86e956e35675,Wirtschaft
bbcaf6ee21064e2f9514b188030ad19f,Wirtschaft
f7d989913e2346ef9a649e18c50fc6c5,Wirtschaft
e7bafcd072e24bed90fa1770827735c1,Panorama
dff7ae8ee0b24268a1ad32dbcaab603d,Wirtschaft
6ff2954154cf4b1cbbd9a12fc7496be8,Kultur
dc5ee157395a4b0384f4edcd086b3206,Web
7721d69e6ece40b0a48f6350e64d9e66,Wissenschaft
624eb9997d5c4c3b8acc4573aeaed6bf,Web
1202e5e83669491bbf40b41a27cb66b2,Panorama
b279611eb17d42d59ad7394c0acbb615,Wirtschaft
a10cd001abf747a3b8a2f91575dff823,Panorama
b1c0fb5f973941db90ccab76a3b81d77,Panorama
33c90266e9614c5a9c2e046a244ae7b6,Wirtschaft
0957d1d3539c43158ef9dd92eff7458c,International
0b63483a83574e4189b0618b3ad511bd,Web
03ccfc1474e14d04ace9327ff1badd04,Panorama
4e4bd53a148a4dd189381b0345b4cef8,Wissenschaft
5c5cdeacac5b4065b16459f61bf2d11d,Web
134483c6584e48458e6134c76eae6add,Web
58f91191d0654c77948196cd69d5b3e4,Panorama
42f0c3b103d6444686c0ecf04e82e2af,Etat
40da0a5caa4642b2ae42d5c166f4293c,International
088e44f974a24ea7b3021ca44700a49e,International
e3a4e891d35a429083d32b2ba41d03f4,Etat
e230e1574176430aafcfadc65613e811,Wirtschaft
6549940ee6364b379ffbb456754bea84,Wissenschaft
70a4e1c8a99d441e93eedeac74b57a00,Inland
e0219c53938347f9be1135e0c0137abd,Wirtschaft
5ebc9fc97c794f4197ec098d4b3809e5,Wirtschaft
c4255828fdd443359b3b8724b0cf7a1d,Panorama
1e818fab6bce4bceb220d202dd76e8d8,Sport
a849e69c90204ddca0348adfc93c54ea,Wirtschaft
6aadcea3eb1d4e33af523ea28c3773c0,Etat
d831a3f4826c4f7481a55a8f92f1ffb2,Wirtschaft
7921c724fb854dab9e13d087b773af25,Wirtschaft
c8f9bea9638646f8af4eeb25c8444f4b,Inland
ade2207e4173437689e7dc8b53ec5b4b,Sport
0755ba00e577439c8e56748b1f17ad80,Web
a07d017a949b4c7597638b18624c1c4d,Wirtschaft
6f70cc5e72984abeb003df4d9ec02a76,Web
0acef9908adb42d29480c4eeb5f266ab,Panorama
146c0ed261214721ac353315fde1a3a2,Panorama
cd36c123cb30466995354269f6fea153,Panorama
1d22bf7011bc4e75a9167f588c168ca9,Web
5fcff2614bb04f23b87c1276d089d236,Panorama
4d4b3e65c8ff4251a1c28c8a68e397cf,Web
fd66de5215924d24bcb17b9211da1535,Wissenschaft
fa000acb66174c4cbf96be4c4c0a9878,Sport
a426bda5fe044a388040c55ce4fa704d,International
46fe6d24b5dc4a269b7a0ae019ea51bb,Web
b8637fe431384bfcbf001ae7b62eed8e,International
0e5f82e506634bdfb7436f950d88036a,Wissenschaft
956d56a3492c48a0bf2b899bf88c991e,International
91a3eb5e8f954c4bb928fc91895118b2,Wirtschaft
8300984135c84501a26518eb5de52a25,Panorama
9724b9e9b051490188ca29581f7c9652,Panorama
4d698a979cf94fa996d57eab34d8321e,Panorama
81adb821e2ee45059b352a6273d5282b,International
f1db7b4e8e6943a1a1d022ea3829e9f4,Inland
6206526b251443a58f1e4f17167ad2b9,Wissenschaft
10449a11e3504f2bb354a7d0b9a74b03,Wirtschaft
708e4629b4fd435caab7806a1b2885f2,Web
24a358b3a0484997b71e70f4e8ec2426,Etat
f4f834420bfa4e42968032a95fecc292,Etat
94299ede1bdc4d6fa11efd5b9fee4110,Inland
8aba445c416e45df8898683159675cb3,Sport
aa325cac05304410b891e18e63e00859,Inland
2da495fbfabe4b85aa504687f6bb28f4,Wirtschaft
f57d6f3434c74ef09b1ef45ea384f016,Web
9df667f920d84742b3f4c25f2ed9ed42,Sport
f3bf8c409a71471894a81df6a4921402,Sport
2114fb0824484785a8ff1e361eb5e35b,Sport
ae494fa118274d5991438228b9cba2c2,International
7fbe62a2e3304041984afb6ac6ba0e36,Wissenschaft
2fcc163a33da4fbc940bc6a5cdf91684,Inland
5530ef6ebe32445794b09b18e1259dbe,Inland
9fac08ed8b924f4fb1c33de946023c5a,Kultur
0166763471784f0fb72663e3a4152282,Wirtschaft
4b2f023af5994c53b72ca5b0f73ff14e,Inland
11bc30eb33c1470ebc8782edcb24699e,Wirtschaft
89f20160a11543afb00054fbd0c2dd39,Wirtschaft
91a6cd3c86924032a7195a021cd4bdfc,Etat
59af97db62a947febbc5b2b607d49c38,Panorama
2bc29c8ffb074fb9a9c0034c57d29136,Panorama
172acfacc8014a519c869abd8c08c947,Web
0bee237eeec44006a275f86b2dfda9e3,Wissenschaft
80358031eba648678f2c96d9073a8170,Inland
9272577aca004e1ca62151ec4589b7be,Inland
18fbe092f85448fb91629d72cad71280,Kultur
b423c3abc7c946ff91e58b9d1f7101e8,Wirtschaft
aa3ac26bcc0648429444abeb69f6c66d,International
9a492864c1d34425afd495d003996f77,Wissenschaft
b3aabbede20c4a569dd8e60d756c12bc,Wirtschaft
1896ec0a92f4454fa0f70b6ecd4a9aa8,Wissenschaft
b0daebbd687d4a3f91de7299293a0619,Web
51a75b6f448e4a16857df6e61ac60612,Panorama
b7bd341f417b408da11cbf3f1478937a,Wirtschaft
e02cdbdf99b24929a04a6783ca0ae0bd,Wirtschaft
2b376003fb4e499093126aa756bccac2,Inland
fc954ef3d3e24d3b8592d6db65b32a26,Wirtschaft
11f925bdb6db4702b51ba7278460e090,Sport
1ac9d2231da9420088f8e816f4f57d2c,Etat
bf91fda6616f4f838eebf6d4acd04315,Web
92efa1be5a8d493890ce9792348df24b,Wissenschaft
cdb1681295c34c56af6c2e7808a7d425,Wissenschaft
3d4cf731357a47d2bb6c3c8a36683f48,Panorama
ce2d9e9bf3b6407e9cdd484f51ee2b11,Wirtschaft
0d7c615802bd47ab9964dda609c3984a,Kultur
545992376f08481b832bd923d47d3955,Wirtschaft
1fb13bdd41dc441a859a321439933ea1,Web
4f0af7dd73f8404e9de91a1147d0bdf7,Panorama
8c403b89bcda42a9ac0b02c56e102e8f,Panorama
dc0e2eddc4cf48698bba5bb15e2d6f24,Etat
24de6ad3850840dfbf5c56c2023a7cfd,Panorama
56a94d8b11594889ba075098cb330b39,Wissenschaft
f4268c1eb647470a8d5d6e20e0fc84b1,Panorama
1716bde9df9a4ad1add59246be90104e,Inland
24f60c5e25204fd9ac2ff235829d3a16,Sport
88954abf6adb49fba0ca9d11fa39ccfc,Wirtschaft
059b88dd97b4475d9cc38e947d7ad127,Web
bcefcb751b3b44daa1af5fd8a582f574,Inland
6faa0195555542a6a147cecb51b5062f,International
19d577c442f94c449be83ef69fdd74a9,Panorama
1c77d6a866b64dd887d8e03aafc530ea,Etat
393fb829e12f4e6f816e27f24c751f4d,Web
c9d16eb51def4732a11c76275ba693d3,International
59f71bac38fa455f89594f635858a4a8,Web
36b682d8ceca4b968e67a8905b6a3dee,International
01b3878393d9486a9186990a6e25ec10,International
db942d7c224b4ccdabd45d70a2e6a6d8,Web
119cc6f272924ae795c4c7fa3290ab02,International
b2cf387007924c05b041f9db57f84522,Panorama
b016f890e5ee4cab9d3faef9697f4fa3,Panorama
7eda0e49fa394c0a92c24b25e8d80b4d,Wirtschaft
d0a3e9dc3e8540398f95b8218ac8b7fc,International
d5c80ca310ec4419b912c899030e7a1b,Wirtschaft
068552505fc543f2bfd411858742dfec,International
bdf02b7f05e444488f14209d3a253a1f,Inland
c6d95d09d3824796b16105bcc337254e,International
7affbbd7785a4d31a5605e9f39a11b13,Web
8bae77bb80354850a9038ebbf36df4bd,International
2758fc4e9e8d4d6384feb57853ffc113,International
2f2efa65ae354641a72ba4fc101ff665,Wirtschaft
a90a5890ae6c49ad897e104a857a8f7e,International
41790db1446642ed8473c1adb3850cb4,International
c07268650dc14b4ca8797c3878dd8fed,Wirtschaft
d930ee674f90417cbb815d5f2e592eb8,Etat
5077280032e54a60be18c552f836d4f6,Sport
502059f334f045fd91be92860c3af56e,International
1d2a178f2e384e26a9ba45479460b47c,Web
bdaca37ef737421c837de97156ffcb50,International
109f60bb1ce6418a9af47bf2f3a8cc79,Panorama
f78e464d0d544da6a696c2cb24250519,Etat
e18604e2035b4798acfa9371eb192150,Web
124844f0d1a94932bfdc9620221d42cb,Sport
2bb39097832542d9825ebba87599e84b,Inland
021fbfb13d2d4f02970670d4de0823b2,Kultur
09dc6a2fe7854989938882c5d1e24c64,Sport
ff018f5e9e2a46698bda08da08262faa,Wirtschaft
ae80fe5f37ba4a94ba29facc1f10bdc8,Web
63808b2bb25649d0b9cbc2717c6b9c45,Wirtschaft
4667bb555f18485dbd022b065514ab6b,Inland
57eaa230c7924717ac77c6fe3c3b45f2,Wissenschaft
72779d4ebe97434494e759a211f9a167,Panorama
35705df46438437b80bbac12f9587f59,International
0ad2b4e41cc4495e956a4ca1af5d004a,Wissenschaft
986224bfdafa43388d90d6e06c383dc8,Sport
570e29605f194f5c9e7a237c3fbb14a7,International
8ce88ab1d6704c73b64b572b6f9ba44e,Kultur
68cd8b33df8d426db2381ce5226f7b1d,Wirtschaft
d15986967a8c4623b2d502609b658ab1,International
36967e1a6e0c442bb2ea084a258ec20a,Wirtschaft
561dbd4cea044a7091fe3ff61b2b790c,Wirtschaft
a18ebfc35c1a4fdaa506df2b3176286d,Panorama
e4f0f5253d4b49448d473b90d3e30630,International
07ad28a87668458fb88d8120496dcdd4,Wirtschaft
b5451e2478ce436bb7ba3c898e33f734,Sport
1335157092fb4e84a9572daada67b9b0,Sport
5573d9646295444da5a220d4dd6d0d26,Kultur
788b289f50644c7e81d0d8ed5d908f67,Web
54a63294f0b744f7b693ee2502552f39,Panorama
778131db064c44edbd7ede10d5834bac,Wissenschaft
81a0c6f8109448e2a06e0c3d2c888814,Inland
ead2d60e84cb4ef5a925bd4df6c9aeb5,Panorama
08cd60b97f8b41c7aafbfe75426ddc68,International
112f9d81024f49dbb886a357dce9d9cb,Web
028224ca6c194f2e918e8245e7a4cdb0,Kultur
0a5bbc9c82d4422ebc615040207786e0,Panorama
e8aa51f7764b4e97a9e4229ffa572793,Panorama
6eb373cee6e04fe18e22690ed427a2d5,Panorama
5c861224257d42eebd65cef073ce2fb8,Web
da5aaee865b94d038111bcc07fda86f1,Kultur
99106ad2149348b89c0b3ccbd3d745ba,Panorama
a30704fea7d84d7783588c2eb882979a,Inland
f59be5387e1e44c48b6543b6c928621f,Inland
3df332dde21b4eccb43ea603236b8d38,Panorama
951c89bcd72e43949377583e4f17f0e1,International
3070c5722fe345fdbb71f47293e4842a,Web
9c3e0c643ff148c9bd450626d97a3b66,Web
c5c77abbd2b94980a106780ca7b0b1ac,Panorama
3c9ea1498be14344878909633f6b83e5,Wissenschaft
5dcd8eef8e644df88ee0fa3a6eef1e2a,Wirtschaft
23714166a5b44b1ba6a08b08a111d959,Sport
9c16a271656041308a00037186e631d5,Kultur
b61cdada926b4aa5985b8786b7b176dd,International
2e7a2164f28e400fbb4a4450294ca5c3,Wissenschaft
792503a560c94aa6bf6207a20f479a27,Wissenschaft
a99d4c336a05445ead5bfce6d38b9100,Etat
7e3c80f0aecf4be3b8b07f46e3106c0e,Panorama
ef6572531b4f458faca00eea9518344e,Panorama
0239c26b81d044e1aa9da74775dc973f,Sport
c6f01c0451734111927352c8cae198dd,Inland
1403b19305014c34b0732d3a3fffc6be,Sport
90689f8e566a4cb5afb38e05abfb0081,Wirtschaft
fe41e66403014ba9bafb165e0aaca59b,Wirtschaft
b064d642214546e3b0ca7d9daa2b9a08,Wirtschaft
237290a8062741ff89050656f791a6cb,International
70ab8ba533a043009302363d1b74b8e6,Panorama
2a3e8737c0324db08d31f06d39e7ccba,Wirtschaft
ae641c600c9649c09c67fa65f8225fc9,Web
1243c568e26c4fc086e47d1abbeee1ae,International
10eb5f250c634882bfd0bd2a92b3216a,Wirtschaft
f7daa141ac17440db807af4cd65c0345,Sport
ee2e0b6458d94fb2a88ac5cfc7673e85,Inland
2b3e3cb818a4426795ab1031ea8fc96f,Etat
3429e81f1df2461fa7c9e406bbc030d7,International
a6a046c3239f4ee58cedcc00432c5bd0,Wirtschaft
8f90b9ddd51a4bd1bd5e60d6720f32b4,Panorama
1fd32119e64941628a32d3a10996503c,Inland
0a3eda539fef4e868ce1a15ef1fe697d,Web
445a5131c36843e2ad1e02e77f3c1651,Panorama
e1193cbc55e942aaa9e19a8bc245e275,Sport
306532da6b104ce4927bd3a38dbcaf96,Etat
b7fec37e50124fb199d4e94068ce28d2,International
7d04c3d20b08483db4784815487d46b4,Web
a9c2725862ea4e03bcff6d6f59e740e2,Panorama
41f84567690545358ddfa0adca3eb423,Kultur
af241702605645beba43db9dbbdc7578,International
073618d119414ada83e4c2b603735ec1,Kultur
ac3b94222e6b404f910eee934ecbfb5a,Sport
39d706febcfc4c81bddc7bece72885fb,Web
38a386a94902401eb064f892546879fb,Web
41969fde3db0435683b3c69b0d2a956b,Inland
e1b2ee7a71484d4fbee14a67d0464f4b,Panorama
4832673c64fd4aaa826c541d0e537754,Panorama
188333ca8d4843ebae49f4f820455960,Web
55566a2e326c4d1ab66eb9f9fe01d2c2,Panorama
b2326b89609d42a484495529bb61e006,Wirtschaft
dff8cfb0c0914cb492e2a8011c5d8e27,Inland
be7728a30354446bb33ff67c95744438,Etat
9dc2635658b048f58e18319336bf2be9,International
fd69e95fc9204a1b8e706be526d902f7,International
28d9f697e79e4998aaf93c28ab519d67,International
3b28fd8c3bfd4b3593ac733e8e08408f,Panorama
bf285f3fa50d420bb50672376cac2142,International
36b6d309e8f2464d93831006958d0f35,Web
a06423877623403685e720306a3c68b6,Wirtschaft
afda20bd43714f00af7f6d5e75cb0eda,Wirtschaft
18faca0371c646b9ac45ffd4e81b8fca,Panorama
18f840def15d46b79bd9132b534aa0a9,Web
004a48d383fa40aba23eee79f1b50aea,Inland
fbd053a7a8ef440796eff52bf1957a33,Web
8f0b005529604a8fada593ffd7a7a7dd,Panorama
3889bb2c63ee461583604b776b2a3b7c,Etat
5a6376b84e7e44aa9c60f50defe1a01e,Web
7c7cb13cd1474a2d83014555cc58b5d6,Panorama
2da53d600ddf4980918ae08acc56e5ef,International
425b2c9c85e144d7b84129c5b5abf5a1,International
9be4a87015174d239e02da4a795d1538,Inland
a8e3dd54467340fca66e59878b308fc6,Web
f0f251ad60484c168f36f2e0fc893f99,Web
6088636256654dc1a0a562c7bac660a6,Sport
a28855f36520444780a835e68dec4d60,Panorama
5cea465ff3054dc9b1b1c6d6fc7974cd,Panorama
f36914300e4d450bab6d333bd5e2e116,Wissenschaft
57656c1aa80348e99abc6d14192a0f20,International
b47dbd928251423388c741cf2028ab11,Wirtschaft
5bfa16a632324ea0b0490860c1ed0608,Panorama
1a08458bca384ea0aa73871303e91b0b,Etat
0e138dd72cb149ec9f2212836658a4d4,Panorama
f63ae8dc98b44957a495c88437165bbf,Panorama
44fdac4450604db98336a6a1e72e0332,Kultur
469c8f5b23aa425b8c27ae7a2a585218,Panorama
5e62474d763a4411b15136468b6e7370,Inland
9265ae2f59e54b5793a94f40315c8ae0,International
111811959f6d4a0b8ad2cbf6c913794d,Wirtschaft
d51352eb5f2c42a5a09a82fc6ee40a89,Web
a10232a37b1f49c085c94d1f689ddc32,International
937f6c8c2815430a90e4b8251261520c,Kultur
4338c24411934a7d80385695ce95e0f2,Web
3acb87c8931b4b39a40d75d7f375fb6f,Sport
093fd2fd353347f3804f9898a315b5a7,Web
259b3e0d3e29479aa33b1952f293d1cf,Wissenschaft
47f5e7ad57554c1782fea84b4eb0e87d,International
b769b19a76fb40a3ab99aad3c12b663e,Web
cebca90d39324e6786160f41bf1ff6c5,Sport
7ea635571f3b4d6d8f1f8ca4729a621f,Wissenschaft
a60de089a7994f3a9280e6509d839d06,International
58c550e4222b4065a1bac06eb6542a15,International
6ec95eac70ba468c864456d3d9d401ab,Inland
c9e8e97a6c304ee99bb3e3af9ce54805,Wirtschaft
4e4d88be3ba3485dbc8b41455661e7b0,Wissenschaft
4187c5a07f61471bac2fceb2bd2f780f,Wissenschaft
8dc8733d8ef24c9a96ebd637c57ee3d8,Etat
5acdb36847404bb0aa3d91c38bb29792,Web
c620523b244740d0a20f27078369cf06,Sport
5fab7cf32ea045329321a119acb2f37c,Web
5c3670029bbc453e8d3dd2605cce2c8d,Panorama
a75b5ec1f9634c3c9e03c2497a15eb2d,Kultur
855f820ba52946bb8cd1a6d132075213,Sport
991dfd62398244349ef221231a8d54c9,Panorama
b3d09bb98bbb4a0c8484193eaf5183c4,Sport
606444e642984b31ac3c87104397770a,Kultur
3565fe4176cd4367b2f90d51ce74fe6c,Sport
165b5124cfbc4927894ef3d295520fd0,Web
4df55a505ec84ed9918a539c078ae3f3,Web
98f8d3c826f64b4395c7a8440170bd93,Web
924cccf5015d4fd886514d465fd4d5f7,Wissenschaft
18c9768eec894839bd98982008718448,Wirtschaft
f02e01418e8647628bdf4fa3942bdec2,Web
10ee4321356a46bd9f875bc800ae1943,International
0edcb8b5fcdf48399a98f5207f18f697,Inland
49d52e65cf4c49b4aaba155b715b877f,International
89fc8bb2f93d4402a5a55c6023fb8890,Panorama
72fa0e9c12554d13bbd5e9938a56efd6,Etat
0d0f925bba7046bf818243e3338d0ad0,Sport
fb6d21d91772435b9430d4fff4f2afef,Inland
c029b42d369b46c787f6b87d1f1d9619,International
cc3cfb2829e04182b3dc37fa7e0ef7be,Inland
7ffbfd36338440e9a5fd9013c14a11d4,Web
b80cb4aecbc54a5baee2a9a1dd8944c1,International
4ffe0142b4f142ea8fb2d5a63e08fa4c,Sport
ab1ec287877042d8a94b0411eff2883d,Sport
c06246f90b6c4221a497d67942c8c008,Web
78a523c52a1e4ca39922288610cbad24,Panorama
d63949278ef1485291d9424681e5649f,International
7d384c2e64484a9babe0d4b69f9bc12c,Wirtschaft
1ad24182ce494c8385080a57ba540278,International
8eb1e022904c4c0498fe01f592a5f1b3,Sport
ec86d83298674e2183c08a70d7103490,Panorama
bca2c792653d4b5f8609fe3818cc9f71,Sport
fb9fa6f12f914bc9bba76e3cdd716811,Etat
124565f8850741318b12e43d574de9bd,Web
46641f7b472c44a0a22170772921e3be,Kultur
cc9772f4e85249adba808edc15022271,International
e4f97d4abff249a98a2d3d393d976918,Wirtschaft
926c055db43744c099e48e5e7a2b2e67,Web
cb21dc899090405a89961a66f522113d,Inland
191df9b11b5b48f19cf5de851eeb3f93,Panorama
fa14eb116d2d4650bf6790d34fbb2ed6,Etat
77b602ffb55640dcabe23e1a3bad3546,Wirtschaft
80ec70490e224f69b42284e6d974ef28,Web
e3a4f747ba78427fbc30c5f5281a6972,Etat
96c434b0885348959866998b5dd44198,Sport
98e4d9989a2141a2b746e5c2ad5b05d4,Web
54504c7c59b0421ab71a146667dad9c8,Etat
abe923af7c7247698e96c7048ee2b6a2,Web
385722b990b949b4bb11bad0a5e38d6e,International
22199c6e266646c888719e89702966c0,Web
3adf920dde1a4fb88e0e4b8c8b810db6,Web
6d543c7f792f4fefae6ac068ff7478d3,Wirtschaft
dd63c3436f1f402085c8497fb126ee70,Inland
eb7102d475dc40608190dd280f7d2856,Inland
16074474b3e14e0da613f388e2e9bdcb,Inland
443b209051ec4f33a327b90eb8e113b8,Wissenschaft
50b025c921f3496ea34e7781f1d65ed5,Sport
6e76cbada9534a9bb9057f5662c3693f,International
d96bcbc925c94ea490e25da5a2e3f9da,International
64d86bc575a84fb38e71c56028d63c3d,Panorama
0ebc8c8bf2ee4895ba7dee99b300ec9c,Panorama
3746d8f195234f10ba2e756d52c43ef6,Kultur
461e8f1417be46c09dfa6bf29e389666,Web
9a150778c9884adcb4a1ffb8058cd0ea,Etat
243e45fef78a47c5bfaad040f08b0a6d,Inland
e988951ef8a345689978a4c5bd5d6fd9,Inland
592080ff972e4ded85290b80be71bba3,Wirtschaft
62664c0b8d5443c593c15ea2beb0664f,Web
20486ca5ac73417482bcb696f5d7df67,Wissenschaft
114e1665bfbd46d288bceacdeb3b32bd,Web
960777539aec447ea685495e857b5925,Kultur
feba6b67bdb142789c619f0e56eedf43,Wirtschaft
7a1450092f564241a738c6072eeb0c4a,Web
859a118cd9f64c218438db4f58d6484d,International
536fa560a30c4c738d1e27da25fb9df2,Kultur
8f83392d08f24838a489d057e598c390,Sport
38e531062e98416fb0a1cf79f065ed51,Panorama
3d8b5b3e07b4411fb9ead9874088032e,International
5e84b33336984e169b5ac06c6719e45e,Web
0cf93c0f694c4cdf9b88d66503bf1c04,Sport
933a5a5461084db29ddc167341ff2c8e,Wirtschaft
9acbb3f64aaa431faa436068e53a26fb,Wirtschaft
8cc1ad8888e94ce991e77dfe3e7b132b,Panorama
2219e85641c64bcc8b422a1a5a011ac3,International
b4aca7d0ccaa4a48a0de0c40b2b889b1,Web
1223294304fb453896ca47a14413bf82,Wirtschaft
bee3c13780204f74b8a65d72adfeea3f,Sport
7f3f53b6537041869d73103f29d41d41,Inland
d50a60e75548426ea10f83a2b0ed74a4,International
d73238f3d7614d0e89cb960ce6e546b3,Panorama
821ad7d77930428dac4fee519894e0b8,Panorama
5e2c59cc7b2f45cea62613b85efad2c8,International
3cfab61276ee43afbfc58023ed5982fe,International
d6ed4a49901c4a6faf0a8858e6917616,Web
6443296a1cc14679aed42bdf97b47893,Wirtschaft
ead62ecf0fd04a98b72d0918907c9b71,Web
aa26314efa704391b6ef43d2cf65c6f4,Web
d1e9e4314dbd4e7a88eac3fc36497c00,Web
01b2f924e4f64870a0cdd62ae88f58a8,Sport
674494bf1675492ba6b3b3e2df420ae5,Web
dd267cce9c674c1b87c3678631f3c47b,Web
5a5f59c0348444e49b97939360d59442,Web
6f5b5a7875684f5a8053cd3f74f590a2,Panorama
7389f5d227284cd4ac3a3dcffb14d9b4,International
33ec009c038a4b97af54845638ee22ae,International
a656a47b565543898adfdd5074593ddf,Etat
9a2219c6b2514fdfbad1add84441473b,Panorama
594f28f1c7ec4a40aa10a9b6ad6ef0de,Panorama
53217bb218374234b8c5c40355b7ea5e,Wissenschaft
9cf13d0982ae4396a616b5a2aea9b9c6,Wirtschaft
61ebe0cc68dc4cfb82acbe46fe056e2d,International
5b8124e90835469b82a92921b1df8a14,Wirtschaft
7ddf7a8bfd6241d283af4c873a641544,Web
98b12b4e22804e03a26e036a995da7ae,Panorama
b16cd49556784b64824cc9718ee3dfbd,Panorama
7d5ed790c37d4a2c9d711e26cb6fccbc,Inland
649dc97b91304f828608e10fba569979,Sport
851d1df8e2d047b8b6462ab6baa94762,Wirtschaft
24cc6c33a1f249baa0f86fdcba5ffc15,Kultur
2010fdd8edd74c10934c68a02f0a5f00,Inland
0cf6e92a50dd478c9528414b46a9661b,Kultur
4866b99f62904a4f8023558fd33a3206,Panorama
27aeacdbb5c84275a653ba988b0bb312,Web
9bed3ede8de64c4c9ae688659bdd1c8d,Inland
1e86a3130ef147fa9af287dddaae516e,Panorama
9f6b7d02b9c74c18ac01713b0668ce20,Web
280334e23655433a9daad2c9fe666c57,Wirtschaft
e8568739875b436fb67444e0f44fd098,Wirtschaft
e3ed98a8d2414a4995f383bb23f10ab7,Web
3e43e4a2ab904e7c9887619e7ac63e0e,Inland
8cac61c971754b8f9182fadd74d788e1,Inland
8d9369a650a54e4993d8d9452ec01687,Inland
1eddc2f92b594225bb8f968af3c58556,Wirtschaft
c9a6f4f8d4f14999b81d5038722ca0fe,Web
fcf9feed61f94637986c8e453785fdcc,International
fc8e8ffb829d457793bce2fe736c3ee8,Panorama
96c41ddd09544003b089546f1f49a884,Wirtschaft
12cb8cf346184bca86ccd18f8189b5c1,Panorama
e282901f279d4453ac95ed7aabc89abd,Wirtschaft
08e65781e1a84aa881d2360bc4d6cbe3,Panorama
5f039958372d49a8a52f6239ec2cb061,Sport
14826f82e8024d9c9432297ddf499fcc,Inland
aa04b48bdc5a4438bd35a4a67cfc073d,Web
f727f35b734540b49a07242a5d0c6ca6,Web
a2a28c2145c24ff3ab78216e18bb0b2c,Kultur
bba9d53fdac74212903068062dab6724,Wirtschaft
3bbf84af581f4ff0a70f949ea06eb3c3,International
9e93425b6d9d47fb999d5efbc1b78a0a,Wirtschaft
5a7189b1760f4015b60caab6c7edb91e,Sport
fb3f0049e59f4166969ffaec44978527,Panorama
2f9ab88d37d5494389bdfa1cbe239c86,Wirtschaft
b0df7b5332744fcf89e5fad93cd44a5e,Etat
8cb7639ab24140d3b35da72b8a1fd605,Etat
247acb13b31b47549adc00ddb7b95660,Web
2be5bd1de67342bb8f6c546abf8c89f9,International
5865578fc6774d82a17bcb66427aca87,Wissenschaft
2b65442c6f1343968a7118bf571378c2,Wissenschaft
7b01bc5e8ed8498ab10346f5dfb0fa19,Inland
37702db2b1df4a729ff2357c8dbc3ab9,International
aaec47fa6f494ee6b77f3d6b70a4a9a9,Panorama
a5495db292a543b69e649c98c6d7c9b1,International
e01bb51a344b4d7f97d83a1733febd57,International
d3e91a42dfdf44259ddbad8fb98f2674,Panorama
d6507b594151471e94c5af6336fafe10,Wirtschaft
87dba5598d034fd6b27450054e4aa14b,Panorama
1abe86c7d5204926b23e2dadba8a5159,Inland
bf6b4e9d684d41b88f900c05d789f8e1,International
b138c0df3b294c8fb3f9bcf1367b5d0c,Web
1d9c8178b0304498bdaa86d13eacf432,Kultur
7e24ed886fd34dc8bb304f1b6369d05f,Wirtschaft
68f1d9c329314a79a81f554f8e0aab14,Inland
1060f21f87474710a86b58fba6d38f27,International
dd91c8cdc4e3447882ec2becbb454db3,Web
7fa622f8d6f849b7b83568c2ae697283,International
3ed61bd891944bfa8469e358eb940ca1,Etat
ae54c6b6651b4ecf956cb4c719688c32,Inland
f8ea886dcdc5473199a12e518a219bd3,Panorama
94cdb26795df403193361790ddc866ca,Sport
881af27303804ddd85c4f0a84ee32513,Inland
6808049917024bb1bf2f7ab7e58c5463,Panorama
775aa9752352453cb6600fe430a34ed1,Inland
51c51d5c43c14202a94a2b5c43aa771f,Sport
d6f994d460f747db8743ca0a7bfbdf2d,Web
4ca2b5acf7ac4ecea139cfe626b36527,Wirtschaft
db4d92c65074456e970f36ea97881a71,Panorama
5c42caaf82694a21b26a485835f968b9,Wirtschaft
1403643dbb8e4856ae0f08b010fa4e29,Sport
783cb2deec014d45b6a7cfc5d2664a83,Sport
3e74420ca9164522849856fb41e5e523,Wirtschaft
81e37d2b01f04abf82b631477427b760,Sport
9d0ff41b746c448fba47679ff6dc5574,Sport
9a04c03473e04161acf9025e7d0b3397,Panorama
adb8aef8c40f4720b635f31974f67faf,International
b48c6d01b84646a99d49c57c17eabc96,Etat
fbd15821fe78487aa927324fd1a245a8,Wirtschaft
60c0d2e4baf042388e5029114b6b07db,Sport
774a05452a694a6fa9f5fd4e0de022c3,Wirtschaft
9805e14374cf4c87a31b94ad36529ce8,Inland
fbd8db2972af416f8a75fa0f857279a2,Inland
0a43b2d9c48e42628970b994a88298a7,Panorama
731870950b2649f4842d23bcede60fd1,Web
83c164de5f2f4ab68078e939a4cc22cb,Web
c4657154ec564cdbb0b90c742a2b36b6,Sport
99e7a5924d32433386e13eb63bfc3aaf,International
465773c6f92842beb7b91e6f84cdf699,Sport
e9faa9510ded42b58b67d7988e8d6714,Inland
f67f36424677445285c2e6a7a512d6eb,International
80c7700e845146239bc7726a49919514,Sport
60812f4bd18849f8b1cec1524e626782,Inland
79a91cb168744877bca41407cbdfada5,Inland
0d6da709a3104d9e8f72e4c22285f2fc,Web
0567ac7f526e4f31a417f885a257c6cc,Wirtschaft
c3f44d7e0ab549b0867ab1201fda5363,Panorama
6221a9cc97a043e1a1fb22f227e2e8ce,Panorama
c2be567c9d0e4eea996c21d35093c695,Sport
e58a8b16f2d146faa9751d8d559d744a,Wirtschaft
10de4d1a3f2a48f9a25d2d851aae9dbc,International
ec28764b579148d3a766aa94b259ed0d,Web
53e17775dbb8483484c08126879c59f9,Wissenschaft
6b5437b9d325403f966b90483fb56569,Web
87e2b34e1e7843e9a24d6c78addb2339,Inland
7e24912f80714ce99b8b76fce919c0f0,Panorama
038ea56fb9744e34b9964c02326e5217,Wirtschaft
461fb2e8e9e94c709e2534c57cefe2b3,International
33ec66cda09d4db5a57b09727cf9fb31,Panorama
034a8838c6e847038a8cbc50cef91bd7,Kultur
3a67e5ce368546a9b61ce6fb30f03de0,Etat
d69d20f394bb4060b993a0e9234d6060,Panorama
0759eb9c3f294ce9845e7d3db37fb1a9,International
67b0aae87d6e4c4fad1408ce6e8a123c,International
1f65717dbf3b40a0aa2fa9f68a7f4fe9,Kultur
3ccc8157818b41f2a13f81ad78fc9ccd,International
9c761031ca5a4ec6b046af1661b5eee8,International
18f520a5bbdd48628a12fd41e80d683a,Web
0735ba4449e94bc68cfc0373ca15437d,Panorama
82d17e049fba4b1ba04955ab7132526a,Panorama
338ca9dc4c854bc39bd50dabc41d049d,Web
6516a3538c764138be104a8ed3055a8e,International
6abaeb1e2af84b76b212c044010f2856,Wissenschaft
7f6e81eaa4f448279160b1ee67550d50,Web
5e38a8aeb38a452da2c9c632e1478be0,International
003efc8988dd46559483a726dd26201d,Web
43bd818c4beb410d81d837c442168253,Inland
0db76569ab9a4f20a58b1db1c902dec8,Kultur
57774d5bcf5b41a9b7c29316e4f4f8f1,Panorama
6d15b322100a4e35ae04c6521195d71d,Panorama
53eeeba9bb234406aab1c9891e7c6bc7,Web
14bcd6b5ede145f0a046006fbd521862,Wissenschaft
a58ee131e202405db8b0c3187b548a2d,Inland
f4ec97a845b4459784f9dacd92a1e591,Sport
00640a90013745e8bd2d935aed061c9b,Web
27354ad96dec44eebf613201a499ffee,Etat
f81866a2fd2a43f385ab26f5f6d431d3,Panorama
f3455018e6a341ed80471ed21211fe2d,Sport
9f37509e764a4092a65bfa3d979a3088,Panorama
78e72bdecef747918d65fe70def2d3fe,Inland
b23ff7970ebd4a688e8ef97ee9939f08,Panorama
821ea9b2516e4e88959f9c085e49711b,Web
cbd4fae216a446d7bda08af241891d96,Web
37734d74a92f42c982be3f6a91057586,Panorama
d014ad99ad8349f691061227653cc66c,Panorama
2f677356ba8a46d3bdad7cf0c864972e,Panorama
554d83db2c3847ac8e31f40c91bfbdce,Etat
54bf4bf39e2e4877b216487154513b14,International
fc0c002e05b243f9b3d7639637d417a7,Wirtschaft
f126cd5a91644618aaf7619d1b8e1f66,Inland
884baf760835433d88e15c501e49e6c1,Web
e071bc2ae78749a7873a9c5b682f3427,Kultur
c8d2be312eec4aed8f5da1803fefa60b,Panorama
b1cf8479c2944f80aeb34e4651b698d1,Web
34ee1e2e3c8540a8831d4248fc718569,Inland
82a1e1a021c2403fa0615bfd453b7f13,Web
a62975ded2a2453db8bef60fda1b7496,Web
f6cc4d2aa0114dee967e1bda91bf8c8c,Wissenschaft
748bd3699a734efba361f1eaa1f5558a,Web
5ffec7af7ae84b4896fbe8ca224615d8,Inland
f02453027b5a416baa2d0b081e3bbf6d,Panorama
c850fe9d98f147e6ae9a59f514c59179,Wirtschaft
6ffb2f019d6b4d5aab7dcb62295d7471,Wirtschaft
cfb88edfa1f04c9ebfed11d9362c0155,Panorama
c4e42e9f53014f1ea5c894fa967d4149,Wirtschaft
542fba06ef5e4bec892c8e935be4809c,Wirtschaft
99297054fcfe4dbcab8f830457821ee2,Panorama
77ebf8a99bdb4cdba0e85f2bbe9a6eab,Web
63ce31a889574875a247eeccae6d50df,Web
49e825d4a87049ed8f470ee92b926ba2,International
13d6d90464ae450f8864308606d93a59,Panorama
bdfff290b4b340d0b7268b94199a5e45,International
210061aa15ea476bb63f3021cf10a519,Wirtschaft
9029fe34487e4528851470ca42a0ff7a,Inland
917df89df7fb404da6fc196f350ad969,Sport
2fe2c30ae27a4ccb859bbdb33447c75c,Sport
9e144d5e220844ad9ca98a155d7b7977,Wissenschaft
d159ae8850ec47d1822db0109c3312fd,Web
509cf7a23f1346a09e377966c38677e9,Web
387c5d7f50fb4e118f75816322bee6fc,Wissenschaft
1ea017f7c5b846c196a6c6b488e46aa2,Wirtschaft
59f7bd7622b14ed596711684cbf8322b,Sport
129abf37e87d449b8718d8caf84bf4b4,Sport
ba00a2be64c1447fbccdeafba1a64046,Panorama
6f242c352aa64fd09efb02bfcf36ee4b,Panorama
dfe463d78925472485bc14d18c1e6c1e,Panorama
be7a4a115f664762beae1c2df72c9b62,International
e658baf06b1f4d71a492f75db4089210,Sport
62228fe284354b009749969ce5d01ce1,Panorama
4a6b4753b1964718b15322dc802c27a3,Wirtschaft
c6092d578771448cb63f173d92687fcb,International
2599ead43bb2453db38380be7f957cd0,Inland
8615320d4dd14b58a2eb22ee9db94a1f,International
97b3347157b04f62a15391f5ab4eefc1,International
7d7a160639704e0999a7e069836cfc3e,Panorama
29d45fdbc59646568197ca5f4bc86add,Panorama
612b244d37c642dc8ab5af3bd91fe481,Wirtschaft
8cbdcad0ddba410888aa9191e4adb0e6,Sport
fbdda19566fd4e90817cc09b69f9ba9a,Wirtschaft
e136f8a6593f413eade6cc563576f090,Web
8437e8f5d2f041c6b379dc6a9ceb3177,Wirtschaft
db7cfd8c7cc241ce9699d24b5b7e25f5,International
45970fc81b9446a1b5a94195cb536c40,Wirtschaft
5908bc9904d94fb3aeddfd076be7494e,Sport
11e0ef5c62d64b9484443b31c6c83673,Wissenschaft
19432bef181e461fb36bdb247f0add7e,International
3b66aab6157c447396d3108c6c584896,Sport
b929254052a946ecbd3f5b98417f8da8,Wirtschaft
fc8105f4f918438da3cfb3c82458932a,Wirtschaft
f7036fa65e9e4c8c88b1c064ed4596cb,International
8071642a945a4666953fb9d5726294cc,International
166227c4dfbf463b96740dee7835c8d2,Etat
dc2dd754bccf4a3cac39f70db9b204e4,Panorama
fa219ab7f5a94598a938d95501381b3b,Kultur
df0a20338ffe411b8eba112145b9d645,Inland
bde60ab3a32140479cb6a9412d4cc237,Inland
bed6e42db968466389c85b07de795362,Inland
10d9f8d5843841d792eccbe0da9091aa,Web
d7336bb6e13b4758a46a55815028c5fe,International
3d518d176bea480ab829645f2e86ecdd,Inland
0775667557ee4a42b64698439289710c,Kultur
dfce28fe2e8048828a510381b3b6b337,Sport
f5edfd43099546f79ce506a14d29718a,Wirtschaft
7aecc1a510084bf0a7f830891012fe65,Etat
d8b7a81a96c34170a6d54d68ebcc2bfc,International
d53d2d12f1114ae8b70b6040b79708e8,Wirtschaft
f2ae5299c58049cc8048a485e877afde,Kultur
32f59fe71cb4431ea3819f45a8821965,Panorama
96c6432830854c2f8e4ab9f43610f83d,Web
5ad7442c996b45dab0e9190caad8ba30,Wirtschaft
ba8b9bb698f74334af0df9480a26c04a,Web
f01ef8977fd0414e8a044aa9fc09d90a,Sport
2374d0d5688c49de8c9850a1341a35a9,Wirtschaft
292d9e361c74453888e3cf249dc67400,Web
f9d99a0f86e64688a79c34b4788dad37,International
a0255b77abac4c649dfa4b19691b6fd3,Web
b9879fec3c594f17970a70e6851964e0,Wirtschaft
8b507b6d59cd4425ad4c380ca970a262,Sport
19c82d29a1b44bab99aebaca66212d0a,Panorama
685e5709465146ae85f8b922eec1990a,Sport
023d0fb3dc4f460f8ec2181a428d1ddf,Panorama
6319b537d67b42f5b5a55795a17550e7,Panorama
437bcd49b81248d1b43985442b255d05,Panorama
f9afec14927e4832a46877edacdb94de,Sport
13e6d77e82f345df92eecd00b9cbb0d4,Panorama
f17fc7ea3f194635ab2c60df7bf1e147,Sport
7d5605567f544714bb827b83b40a43f7,Wirtschaft
03e18bf5ba314f748cc7162e5fb2d80e,Wirtschaft
4163d853b8274e52a5437a4bf30a1ce5,Inland
39849d83633d4da4b5ede787497cb74c,Web
27e0cf68f9a84556bd122464f632f15b,International
2f5284f2ebde4cf590c907187a75da58,Panorama
eef77478f6b54ef6b15fd288bd0d0661,Sport
0e9cef32f80d4ec1b91519aafd7b4652,Sport
b5e3ca5fcfd24d38bb32b0a0bc2a4c9a,Kultur
274a1f0a51b24759a2e41e22a77a318d,Sport
e2a853994fd745279011edd2459c3b49,Kultur
6301c7e4003343e7bbb979c638471ced,Web
23d9c03cd5644c5597e44e371d21a0c4,Panorama
2156999d624040509c75f51ed0036cfc,Wirtschaft
d8fa92dd510642daa7ae48433e20f8b0,Web
5adf3678c3954f868e1fd9d362d88a4e,Panorama
26b0230486984467bc923fe1950be99b,International
85fbc15de22e437c81ef76ff6688b7b4,International
412b4b8926c647f5b7de2edc09c559bb,Etat
46dc78852e0845e5af1b9a340dd3c979,Web
3783d331bd824ce49867dadc90a01558,Panorama
ead6e06918d84599906315b7263d1ccb,Panorama
624f46b2fd5c4b8ab7b7245d1eae3f05,Inland
0e3234a411cc41ba9f2536ad6203e197,Inland
abdcf6206c614953b521f36cd3293dbc,Wissenschaft
da4f4b952c244ad68fbd8e42478816a7,Panorama
0256651e704e4ae59e567a131724b4bc,Panorama
80ceb88fe1cc4373bc2cf5eb5d255368,Sport
d48f424abaab44fda5135ff9de892221,Sport
308cb319aa1449c9bcdac5ac8fdbfa4f,Panorama
534acb8d5e854277b88d7da4b3334b8b,Panorama
ae4c47ef4bad486da3f0ee18f6dde41a,Wirtschaft
13e61dcc07924097b2772a843f991486,International
bc88ceba27014aa588c282fbacd67546,Etat
a3b4d6d2b0e14f4c8393cd36e7615a48,Sport
ffbcaea86f514f649a90e19774d26fab,Wirtschaft
a021911d9f914725918d998ca59ffe8a,Panorama
9f9971e7c52143708be5a62e78fa9d14,Web
ee9581c41aba4805b2c6d10428f70f1f,Kultur
b3e76f6da9ee4a1299f4d0210c0cb21b,Inland
f8fd19571fe54efead037c7f4a0093b9,Wirtschaft
da8ff4f55e6f43a280c706b7068530d1,Inland
7c25cbb8098b47c48f44fd0026223d77,International
ded780201ad2447bac1bf4828751ffe1,Panorama
1bd89af4cad948bc8ed262e3e8d06722,Panorama
1807953d37494c05a57e83a49468039b,Web
7bf9fe391dee43ffb80c2217eaba4a31,Etat
e1b8741e318e4354a386445cb9edcb02,Panorama
62f3e4f060fe48b7b5e9ec1dedcfb801,Web
ae3d38cc591746f5b9d09c6296c2d1ee,International
78dceed1d2b4484a9887e10b7a7f5ae9,Sport
fd7cf832ed064ba3b36bc827be844358,Panorama
d3356b50d0e74e82ac98b95003316f0c,Kultur
e02d257f2767404985f8f8b26a01e592,Panorama
f06a1e4947354832bdbaa0eea64d8362,Panorama
126ee90856ca4bf4a0338f71a28ed882,Kultur
93590f0c20194fa397dcfc235f8590f1,Panorama
b31097df460143d2a7a26442088b2588,Panorama
889da192d8cf453db7a62786f9b300ee,Wissenschaft
bc7b0de73dd64064a3d7d225aa0396e2,International
26fbfcd0714f4ef0801c5d1c51a0486d,Wirtschaft
7c66cd18c4784ebcb67cecc78f192f79,Wissenschaft
78a80e1ea16642babc7047f6432f365c,Panorama
50b6ae53f19940e4b3149d5e5374f1b6,Web
c1efd242ff13485e948b15f1e377d1a6,Panorama
22aac7be9574437bacde67b3f02ab73d,International
9801873b03e140ce81eb55c59d2a5054,Panorama
5639498c41c246efb0ffe021ac9ccafc,Wirtschaft
97bc3ce6ce87405a84d49fe2eedfeb1d,Web
2460910c34ac43fdbee6a7f8a2782b71,Sport
e2aae38c1d3945989e068dd5324b5fe5,Panorama
5d9ab1c184ec48eab0b8f8a6c362f33a,Kultur
eafbfff8135c43f294a98c1f13200ecd,Panorama
68b50acf8f8e42d5a40c3356fd8ae863,Etat
42db3d1cbacb4c4aa393689788579845,Panorama
595dbea6109843969eb761cafb264928,Inland
936c3859dd3d42f39a1ac3cdddf4ab96,Panorama
a368eaf1b15646f997477c0e26650e95,Wirtschaft
ef3dde00767b409d942bcd1e6f2a9258,Panorama
4086870bd2d54859a1c0c0d4c85abd76,Wirtschaft
edbcb4100935444a8b5539ba348c7101,Sport
7a9344a628a94dd59e3c234642c491d2,Web
324f7ec602e842bfaa28bfac6f78e337,Web
735f529438434b9e8e5cfc0b516411e8,Sport
05f85054c03649d8b9b4c7139c1d63fb,Wirtschaft
62c8f18f7327412cb362d467e10a96c1,International
d1fb3d8c4273418aa1f0540e83dba404,Wirtschaft
4d70ec656474477b86086205f961e4ab,Etat
633a54fd38ef40108fd937a8fa8b837f,Sport
09239334870f428eb46452797d687d62,Panorama
d0b6f386f2ee4741b93e3b4d2115fa58,Sport
a871499e17bf4c4da72dc0753cd772f8,Panorama
31af4516a23b454fbcf30e453ca7b353,International
0f3a8560531e497aa22241a484035a73,Kultur
0f8d8783ab62402ea9802d1eee599610,Wirtschaft
1907be72070747ed83bcf62f868cc2c6,Web
e89ca2df578d4c64a85be839df3a8104,Sport
ed5b3b2ed5b2451fbef728f90f58cf68,Web
8120f341383c4da99baa97389d82a594,Web
2933a066a29749be98c08771403facdf,Inland
92ae8b391237468ab6bdb04135ea6088,Inland
a1a029a738d6470c8320e8444165bb3b,International
17076cb50e424e25b162f8057e5ac719,Web
a6d67eca8b8a4f9e8ab0f4f88a478c7e,Web
374ffca9895044df9a0033fc1a22f77d,Panorama
805cb280d5dd4220914a8c4e146dab35,Kultur
39d984ecf137491985dc41032244d09c,Web
cb84650839274298ba173f109cac016f,Sport
81ad0053add54168b13b463b447a9b78,Panorama
b449c35f7d4c48c0984f6b57facd8ab3,International
80037ce65da24e809cf3c4643873922e,Panorama
7a59f9a68dff4b3396ce4cd31456ed0b,Wirtschaft
48445c9465b3410ab9da8efb61183f5e,Sport
fb9ad83622ce4b5abba093b62e91abbc,Wirtschaft
b1f0c32ea2944d878f89fe39d9f12549,Sport
bb815fa0a3684122b7b1abb0b866a6e0,Etat
fce0925f614643d08ac876a09ff73abe,Web
e8084a2a11a94862a9978e27cc6df53d,Panorama
f0f0622f49694ebd9cc51d6d05fae961,Inland
928d7d35abc745dab41d5ff9e169e94c,Wissenschaft
192ffb0ffe0d4f0ba34e704d6df72ba4,Wissenschaft
120214688cba4dba85b4387d051f186e,Wirtschaft
f00eb6cd05c44f2983daad3bffff39d3,Etat
e677b83128b74e3382bcec46d8f77356,Wirtschaft
3c0bd2612d724711938496e70381e775,Inland
27e74ace39e648ddb5eccef07a824ea2,Web
7580d3130b944f99b82450b319bae6d5,Panorama
0d0e1ed670674d169b54137855789e53,Wirtschaft
6f4506f7006d4d3fb622128e41b09b3f,Panorama
6bd36d45b0334589964e047c5d31bb6b,International
d89caee9f2024a51b90a29d00b204cc0,Web
4500edc6d7e84bb187886374a58e6996,Sport
7cbb20913a5845e489e8a96557957ab7,International
5d5ed064e9ab40f3a62734e450f381c6,Sport
0284dc4b96f44baa983bf8abee259514,International
d670efd2c69f446fb28e07c23675d811,Wirtschaft
5a4b5a286896441289dbd20fe3e2e2ff,Panorama
2c485207eb704fddb1dd6f0d8999e20b,Inland
091488f74d134386846e6e17dbc81840,Panorama
68de6dee9d1748f9b4ed3d1e14a1e436,Panorama
811a94ffcc0d439babc727c6010df50f,Panorama
1145e6af82604312bd4969dac8e7ab6b,Web
60a6698476f749929693ab44b7ce6f00,Etat
33587a4d0aab4bac8f3d58eb08de1251,Sport
74f10784b8c740a880d9980cd8ec50c2,Web
b1e943cc365a403293ecd04b906805ed,Panorama
604ee2486a28454e9dd49f2e24952fee,International
70f45161673747fab233dfe483b073eb,Wissenschaft
779b6762d64b478baee867c5675dd0f6,Panorama
832617be210c40bc9245730a95aced7f,Panorama
5001d3d68b5a4f5c934b5dc9420c1ea0,Wirtschaft
bb0a79e812c94ffb879a09e9152e0579,Panorama
68f8bfcd59f24741a2b5d8db967db8ee,Etat
6c784a1a674548a4a7dd27927a8a6eba,Wissenschaft
f84021d19db14ce7807e5d9263a8f548,Wirtschaft
64e44fe29ab74d5db2e5d60c98baeb6e,Inland
b4bf5cf4855d4b0183164bbca8403335,Wirtschaft
13710de89b3c43849463bb004e70f6ba,Inland
1b3abfe08d7443f88e02581900fedc7b,International
12efb1476b63448bbe25da88f2c25022,Web
e3b2346246ee4d4eac19fb2bea36baa8,International
330ca1c1ea1348d490e65e3ec2ead6ad,Panorama
aaaedefc66ad406d9e15f24c8691e4e7,International
703b312f89954523b37350b168565eae,Kultur
9be54084a9a1439eaee938945db361b9,Web
095deec5dc9c4ad4a6197f9f4446ffe5,International
cefc1376d24243aba02795abdd4c6c31,Inland
6676fb561fe14cebb8eb3ac7071e8ec7,Web
717df0ea34ba4f07a738d85e4080340a,Web
2fedf7926da74f9887e111f122269fce,International
09e1d184c47c4f5d8e79c40e62af8fe0,Wirtschaft
7ac31a53ea85468da80f41ce03ef3d79,Panorama
b9d211e0c8ba42bdabd6a57480f7f2b9,Web
86c70cb083bb4413afcf3e9239ec205a,Inland
3b079a2d19fd4b1697dee0eabd24bd9a,Wirtschaft
86a1933e952949be936ccaecbd6394be,Panorama
748a56ce179546b6af57b493077d8f54,Sport
a077fe2ff16c49d39490d2d0198f95e6,Wirtschaft
c76366ac1e774cd294a31dbf16cceebb,Wissenschaft
58a4b438d3874a47ac28b4dc2af0062b,Wirtschaft
1b0e8edc3b14469f919a85c2281b8d11,Wissenschaft
f6f13e166a334ce880ea9432e7fcd2fb,Wirtschaft
2997c3bcd99d4b6cbbe79f5620a0def5,Web
a0b471e9944e41af91d478677219d33b,Web
aa66934d277644b38be623cbb283a09a,International
de3f2e34ec25483a9ab1c8f99b2fc99c,Inland
2d3cc4baa30f47e0a856244d6c3f7595,Inland
db49d34d41654a09a476f46f4441ddbe,Sport
e518190287394ead87dc1d7bd7fd1d68,Panorama
447777232fa14b1a82b9a77994532789,Inland
a0070b6843034ec1a2a3f3c4434f6fbf,Web
31392ee900254fc2915dc2b0a853c3d1,Inland
ffd5f4b989314a6895786fca698286b8,Web
b0edda1332ca4dc88bdedb6aa12bf73e,Web
9d647084caca48b48c66b0900bbd1f04,Sport
5c89e189db6f44c0bde2cf73c40425b8,Panorama
48e2043ff33d4be98ff5738d14ca2595,Kultur
592be9e0e00a46fdac83ea78d79202a0,Web
4305ae563a5345449ebaf1a391236cd4,Sport
e5dd8e0468bc43fc865d08dbd7729436,Panorama
900ea1d5076b4f7c9b6f264994b654d0,Wissenschaft
c439aff01a244d5db8def6a985cf7060,Web
c79d4c5a265d4f5482dc97e38467433d,Web
e9d9802bc40c46b280b2d495d18a4ff8,Sport
b32334c709cd48fba45d628d34401922,International
cef6898039a1473cb98986bbb06c5adc,Sport
d8ab1ac530184edf96d7f0c9f50d9b8c,Wissenschaft
23f0b2b35a254e00b529fba56cf0bfcd,Panorama
dce2e33027ab4286b415a5fa5abfed98,Web
75d5901060594eef9067b6566621ac5e,Wirtschaft
bff18b1eae214428804143078b60c2fc,Wirtschaft
52d940d68b4141dfbd701f2fc0eb6b18,Inland
2d5c3ba2f08e4fba8c486bf39ae3d41b,Web
101dc8b279254d57b5dbd68a8ca8a95e,International
875f51b0cecf480f8d46dee38753bc8e,Panorama
718f87b9ddb44ab88b154466b7f99514,Inland
d78ad19227894dcaab7aa40188fd2768,Wirtschaft
fa7f3784d4a8402bb66ad45e4a458a79,International
eff54f79ad7b4f1fa6620a2c654f168a,Panorama
56e44a50f54e48108d4b83919e83610e,Sport
25f57b841124497d865ec8f17070cebb,International
d647b840ba3e43e8b688247f510e0223,Sport
494cc38b40f346fd9c9701f10ac52ae8,Web
7944e5a09f3d4073850b8e7787471160,Sport
3543ea5444f1437882a41af57144e0f1,Wirtschaft
0d4d9b28d930411bb83cde7177b7ad75,International
b3741e553a1b44f0825379f79b1a14e3,International
d5ca1419b2644eacbe93464d4d41b467,Wirtschaft
0cd77c1d5af14fdca9613055af606518,Kultur
1588a8e2bea042fb8ce58a4562860350,Sport
81c28235ee4c4b0db349eab97406c04f,Web
7d52045ac1e24333b5bc0cca13a54eba,Wirtschaft
63931cbb9b4c4aa78f884f4a395c19ba,Sport
db333d85b13a48c3ad5404d48d18fcdf,International
3582bf781b114b768289478a7308a9c8,Web
f01118dbb59047fea85b2ca3f4fe1776,Panorama
27ab71b8ad234a9db8352608b9bba20e,Panorama
737c046ffc114f3d997c4897a161f5b0,Wirtschaft
4056c314a02949ffb1b863a89369d31d,Wissenschaft
6af88758a45448ccb3ace84c62480898,Wirtschaft
6740215d8d8d4c54a797c4b9d485a870,Wirtschaft
cec0fad3675e41da8cebe6c08193a380,Sport
14e22fa4e5b647eda3bb78ae8fcd714c,Wirtschaft
829e1b3732c2427fa5d7231a05082b19,International
9ea9a5a5b6ac47e68d8bd5028ccdbdcc,Wirtschaft
d850067bd2964fc797beff9e25a7e6f3,Panorama
b65ab1c15f8d44c2809bf1bd7dbf1845,Inland
f120424c25f34a5db47732c8f3c571f8,Web
b449347160ca402799692d47bd2865a0,Wirtschaft
3bbbd2d3e39b4263a062cc7661cb151b,Etat
d1e89caafcea48b4ae9b4d55df58a677,Panorama
602d356bfded40f1a4fbed8aae4c683e,Inland
cd8c9b01238a438cb166af7701e842c3,Inland
06166cdb8aa845e5a8b44c4c88837cfd,International
44d498e48f7647a08214645830712d84,Web
34a55ce7443e408aa60ee9a40f86d457,Sport
a5c7612b372442e197e28dade172aaae,Wirtschaft
aa3fc02de8af4726931998012f8320c2,Wissenschaft
8118ade814d9452f928291178dd83865,Web
710c75ef25d04cdcb22d26927ba76195,Web
98b8c3dae8af4232938b9e5c9d0e0c6d,International
184fea4c341241f28f077bdf26296a5f,Wirtschaft
c4085ac336b74222b3590e134bb980ee,Inland
f0e1a5de614945cba9abce5881cd3a72,Inland
94186a20b243443cb4b83459700ccd83,Sport
a36ac0c5043840b09d7cbe79c343e7ac,Kultur
9b70c817adf24611b495483fe4bca229,Sport
c3822c3c099a4fa69a7b2688fa759499,Panorama
70d2b894fdb242ce854cd4e57123907a,Kultur
6384ca2d3cf44bf1863d476b43d19dac,Wissenschaft
28189f07d4b045748ccd373cdfe316e0,International
af0a1615bd064a5b8348d6baab0d5233,Wirtschaft
609d36887d464e5bb8539cbbc1b7183a,Wirtschaft
db2ff00a766a45bcb3f884004d26c552,International
6b9098bbfe504e60910a5d4570cf02b7,Inland
f9a909b0edd84790ba8063701bd2e783,Panorama
26c2c554d4814d90963aac327dea90d5,Panorama
0efecb9607904471b9cf1f740ea71ead,Wirtschaft
11cc9f46209c489bb643591498757372,Web
524156d27935471eb7fb69f4606e122b,Panorama
4d95897baa6f4a60b4619f0d3f7bf670,Panorama
4c93e0a4cffb4b618e6a9ccade6fea73,Panorama
19f3893b2a44413e8f0910c2a5f72b11,Panorama
657f41155bb949768b5a7db4782789e3,Sport
e834bc3c4b814c5289bd2d0d01854be6,Web
0b5916a28bb241a6a9115114e2a882a7,Inland
cd0bb906b861488dbdef361a2897739c,Web
51df8be22cd046869c3efbb3cc7fd72f,Wissenschaft
10a4993dcb364e169290362842967cee,Panorama
62668a0d485643e48346ac3cf0f7dcb1,Web
8ed5818d11424d6683bdee44f6268f11,Panorama
60bf91805f5d4d93a924c0b0185bfee4,Wirtschaft
e70f6288e08842428761cd65351962fb,Wirtschaft
1dc6ac55e3424a239d33eb44d6bee1ca,Panorama
da01c18751094cca8be5fe056c146ecc,Wirtschaft
d794c5f9ed6045d0bc466c82a29cdce8,Sport
6d4f548d0a7c4ecc8274ae24766079e6,Inland
36a98824a80849e6a145a7163de32a41,Web
ee3d4ba6ec934759bf2d73e9acdfd2b9,International
a97e86756cda418fb2c577d87859bc3c,Etat
5c16c8298ba24784a03c51735ce84ed8,Panorama
a9396213b8ca48d18de123772a286e0c,International
f0f44a0b514f49228f2c329fc488d7b8,Sport
a10ce3575a37408eab1ba75576379e49,Wirtschaft
ed109015c89e4413ad4face5d9ea1508,Sport
ce109f51f5c840d186a062174b5bc440,Sport
281a706b8e3249a89337747f757f27a0,International
36c7ecedbbe4439a940afad0dd0f3b6b,Panorama
c546b23d7b1144f9b6f6a0b0fa279175,Web
77bc095a484942cab01a06ef706ecd22,Web
c01d1643fe7d4f9e87ddb93f2c5db620,Sport
d5f1b2206f984eff906cd59dcb15d130,Web
8e5cc25663724c3fbf40589763ce873c,Web
cdf8f919ac3b4810a90e487723ac26b1,Web
d1b395622c834fedb0b667216c932469,Inland
0ef7fff5284145cfa5906abd6fee1e0d,Sport
f2f201a6a14e4f60b2edbd7ba311180b,Sport
b0e4b887da6a48f4858592a895aa541d,Web
